Ku,Kd (M),temperature
1.7681512528652,9.32578248069467e-06,36
2.55589079345231,1.06859098866006e-05,37
3.6573690733506,1.24998329667511e-05,38
5.17454512166473,1.49529817537367e-05,39
