Ku,Kd (M),temperature
0.378723186225632,1.34046194750686e-05,49
0.537272479131754,1.61467077356345e-05,50
0.76011416529708,1.97042514624752e-05,51
1.07285668440452,2.44364640628577e-05,52
