Ku,Kd (M),temperature
0.632699186953545,1.58741218652605e-05,46
1.56015771409956,1.29460430087995e-05,47
3.68090959415328,1.24856851214285e-05,48
7.98694853496576,1.32112658051119e-05,49
