Ku,Kd (M),temperature
0.420345149080335,2.63303346849662e-05,49
1.06456191115766,2.98743758595372e-05,52
3.41232624326285,4.53610801176436e-05,55
11.9386975959817,0.000440781421650339,58
